variant	prev
PF3D7_0417200.1:51:I	0.9980449657869013
PF3D7_0417200.1:51:N	0.004887585532746823
PF3D7_0417200.1:59:C	0.11485826001955034
PF3D7_0417200.1:59:R	0.97702834799609
PF3D7_0417200.1:108:N	0.9980449657869013
PF3D7_0417200.1:108:S	0.008797653958944282
PF3D7_0417200.1:164:I	0.8866080156402737
PF3D7_0417200.1:164:L	0.3308895405669599
PF3D7_0523000.1:86:N	0.9995112414467253
PF3D7_0523000.1:86:Y	0.005865102639296188
PF3D7_0523000.1:184:F	0.7111436950146628
PF3D7_0523000.1:184:Y	0.7233626588465298
PF3D7_0523000.1:1246:D	0.9863147605083089
PF3D7_0523000.1:1246:E	4.887585532746823e-4
PF3D7_0523000.1:1246:Y	0.06744868035190615
PF3D7_0709000.1:76:K	0.9970660146699266
PF3D7_0709000.1:76:T	0.038141809290953545
PF3D7_0709000.1:97:H	1
PF3D7_0709000.1:97:L	0.02561576354679803
PF3D7_0810800.1:436:A	0.021016617790811338
PF3D7_0810800.1:436:C	0.002932551319648094
PF3D7_0810800.1:436:F	4.887585532746823e-4
PF3D7_0810800.1:436:H	0.021016617790811338
PF3D7_0810800.1:436:S	0.9941348973607038
PF3D7_0810800.1:437:A	0.09628543499511241
PF3D7_0810800.1:437:G	0.9843597262952102
PF3D7_0810800.1:540:E	0.9814271749755621
PF3D7_0810800.1:540:K	0.14173998044965788
PF3D7_0810800.1:581:A	0.9286412512218963
PF3D7_0810800.1:581:G	0.176930596285435
PF3D7_0810800.1:613:A	1
PF3D7_1343700.1:441:A	0.007820136852394917
PF3D7_1343700.1:441:L	0.030303030303030304
PF3D7_1343700.1:441:P	0.9833822091886608
PF3D7_1343700.1:469:C	0.9525904203323559
PF3D7_1343700.1:469:F	0.012218963831867057
PF3D7_1343700.1:469:Y	0.1906158357771261
PF3D7_1343700.1:561:H	0.016617790811339198
PF3D7_1343700.1:561:R	0.9921798631476051
PF3D7_1343700.1:622:R	1
PF3D7_1343700.1:675:A	0.9647921760391198
PF3D7_1343700.1:675:V	0.12176039119804401
