variant	freq
PF3D7_0417200.1:51:I	0.9967988312817161
PF3D7_0417200.1:51:N	0.003201168718283883
PF3D7_0417200.1:59:C	0.05781965922961339
PF3D7_0417200.1:59:R	0.9421803407703868
PF3D7_0417200.1:108:N	0.9954468367575342
PF3D7_0417200.1:108:S	0.004553163242465456
PF3D7_0417200.1:164:I	0.7918837889413799
PF3D7_0417200.1:164:L	0.20811621105862013
PF3D7_0523000.1:86:N	0.9978342000716389
PF3D7_0523000.1:86:Y	0.0021657999283609874
PF3D7_0523000.1:184:F	0.4929689407845712
PF3D7_0523000.1:184:Y	0.5070310592154289
PF3D7_0523000.1:1246:D	0.965903182620817
PF3D7_0523000.1:1246:E	2.386351755789266e-4
PF3D7_0523000.1:1246:Y	0.033858182203604016
PF3D7_0709000.1:76:K	0.9861778762245598
PF3D7_0709000.1:76:T	0.013822123775439963
PF3D7_0709000.1:97:H	NA
PF3D7_0709000.1:97:L	NA
PF3D7_0810800.1:436:A	0.00893478389722567
PF3D7_0810800.1:436:C	0.0012368070530844864
PF3D7_0810800.1:436:F	2.0591405500096686e-4
PF3D7_0810800.1:436:H	0.00893478389722567
PF3D7_0810800.1:436:S	0.9806877110974632
PF3D7_0810800.1:437:A	0.044918698067124695
PF3D7_0810800.1:437:G	0.9550813019328757
PF3D7_0810800.1:540:E	0.9380996182453417
PF3D7_0810800.1:540:K	0.061900381754658146
PF3D7_0810800.1:581:A	0.8826872016537153
PF3D7_0810800.1:581:G	0.1173127983462846
PF3D7_0810800.1:613:A	1
PF3D7_1343700.1:622:R	1
PF3D7_1343700.1:675:A	0.9295814630700588
PF3D7_1343700.1:675:V	0.07041853692994104
PF3D7_1343700.1:561:H	0.011677977873241131
PF3D7_1343700.1:561:R	0.9883220221267589
PF3D7_1343700.1:441:A	0.005282517037173865
PF3D7_1343700.1:441:L	0.020603029910417424
PF3D7_1343700.1:441:P	0.9741144530524087
PF3D7_1343700.1:469:C	0.8914989080082849
PF3D7_1343700.1:469:F	0.006079531116132402
PF3D7_1343700.1:469:Y	0.10242156087558253
