population	variant	prev	freq
1	PF3D7_0417200.1:51:I	0.9980449657869012	0.996798831281716
1	PF3D7_0417200.1:51:N	0.00488758553274682	0.00320116871828388
1	PF3D7_0417200.1:59:C	0.11485826001955034	0.05781965922961339
1	PF3D7_0417200.1:59:R	0.97702834799609	0.9421803407703868
1	PF3D7_0417200.1:108:N	0.9980449657869012	0.9954468367575342
1	PF3D7_0417200.1:108:S	0.00879765395894428	0.00455316324246545
1	PF3D7_0417200.1:164:I	0.8866080156402737	0.7918837889413799
1	PF3D7_0417200.1:164:L	0.3308895405669599	0.20811621105862013
1	PF3D7_0523000.1:86:N	0.9995112414467252	0.9978342000716388
1	PF3D7_0523000.1:86:Y	0.00586510263929618	0.00216579992836098
1	PF3D7_0523000.1:184:F	0.7111436950146628	0.4929689407845712
1	PF3D7_0523000.1:184:Y	0.7233626588465298	0.5070310592154289
1	PF3D7_0523000.1:1246:D	0.9863147605083088	0.965903182620817
1	PF3D7_0523000.1:1246:E	4.887585532746823e-4	2.386351755789266e-4
1	PF3D7_0523000.1:1246:Y	0.06744868035190615	0.03385818220360401
1	PF3D7_0709000.1:76:K	0.9970660146699266	0.9861778762245598
1	PF3D7_0709000.1:76:T	0.03814180929095354	0.01382212377543996
1	PF3D7_0709000.1:97:H	1	NA
1	PF3D7_0709000.1:97:L	0.02561576354679803	NA
1	PF3D7_0810800.1:436:A	0.02101661779081133	0.00893478389722567
1	PF3D7_0810800.1:436:C	0.00293255131964809	0.00123680705308448
1	PF3D7_0810800.1:436:F	4.887585532746823e-4	2.0591405500096688e-4
1	PF3D7_0810800.1:436:H	0.02101661779081133	0.00893478389722567
1	PF3D7_0810800.1:436:S	0.9941348973607038	0.9806877110974632
1	PF3D7_0810800.1:437:A	0.0962854349951124	0.04491869806712469
1	PF3D7_0810800.1:437:G	0.9843597262952102	0.9550813019328755
1	PF3D7_0810800.1:540:E	0.981427174975562	0.9380996182453416
1	PF3D7_0810800.1:540:K	0.14173998044965788	0.06190038175465814
1	PF3D7_0810800.1:581:A	0.9286412512218964	0.8826872016537153
1	PF3D7_0810800.1:581:G	0.176930596285435	0.1173127983462846
1	PF3D7_0810800.1:613:A	1	1
1	PF3D7_1343700.1:441:A	0.00782013685239491	0.00528251703717386
1	PF3D7_1343700.1:441:L	0.0303030303030303	0.02060302991041742
1	PF3D7_1343700.1:441:P	0.9833822091886608	0.9741144530524088
1	PF3D7_1343700.1:469:C	0.952590420332356	0.8914989080082849
1	PF3D7_1343700.1:469:F	0.01221896383186705	0.0060795311161324
1	PF3D7_1343700.1:469:Y	0.1906158357771261	0.10242156087558252
1	PF3D7_1343700.1:561:H	0.01661779081133919	0.01167797787324113
1	PF3D7_1343700.1:561:R	0.9921798631476052	0.9883220221267588
1	PF3D7_1343700.1:622:R	1	1
1	PF3D7_1343700.1:675:A	0.9647921760391198	0.9295814630700588
1	PF3D7_1343700.1:675:V	0.121760391198044	0.07041853692994104
